hgnc_symbol	drugbank_id	relation
SCN4A	DB01002	-1
DNMT1	DB00928	-1
DNMT3A	DB00928	-1
TYMS	DB00544	-1
GNRHR	DB00106	-1
MGAM	DB00284	-1
AMY2A	DB00284	-1
ADRB1	DB01193	-1
VKORC1	DB01418	-1
HRH1	DB01615	-1
CNR1	DB00316	1
PTGS2	DB00316	-1
CA2	DB00819	-1
CA12	DB00819	-1
CA4	DB00819	-1
CA1	DB00819	-1
DRD2	DB01063	-1
CHRM3	DB03128	1
CHRM4	DB03128	1
CHRM2	DB03128	1
PTGS1	DB00945	-1
PTGS2	DB00945	-1
RARG	DB00210	1
RARB	DB00210	1
ADORA2B	DB00640	1
ADORA1	DB00640	1
ADORA2A	DB00640	1
ADORA3	DB00640	1
PI4K2A	DB00640	-1
PI4K2B	DB00640	-1
P2RX1	DB00171	1
P2RX4	DB00171	1
P2RY2	DB00171	1
P2RY13	DB00171	1
TRPM4	DB00171	-1
GPR17	DB00171	1
TRPM4	DB00131	-1
ADRB2	DB01001	1
FDPS	DB00630	-1
OPRM1	DB00802	1
ADRA1D	DB00346	-1
ADRA1A	DB00346	-1
ADRA1B	DB00346	-1
REN	DB01258	-1
XDH	DB00437	-1
HTR1F	DB00918	1
HTR1D	DB00918	1
HTR1B	DB00918	1
HTR3A	DB00969	-1
VDR	DB01436	1
ADRB1	DB00866	-1
ADRB2	DB00866	-1
CATSPER4	DB00770	1
CATSPER3	DB00770	1
CATSPER1	DB00770	1
CATSPER2	DB00770	1
PTGER4	DB00770	1
PTGER2	DB00770	1
PTGER3	DB00770	1
PTGER1	DB00770	1
ACHE	DB01122	-1
NR3C1	DB00288	1
SLC9A5	DB00594	-1
ASIC2	DB00594	-1
PLG	DB00513	-1
PLAT	DB00513	-1
CYP19A1	DB00357	-1
CYP11A1	DB00357	-1
KCNH2	DB01118	-1
SCN5A	DB01118	-1
DRD3	DB06288	-1
DRD2	DB06288	-1
SLC6A2	DB00321	-1
SLC6A4	DB00321	-1
CHRM1	DB00321	-1
HRH1	DB00321	-1
IKBKE	DB01025	-1
TBK1	DB01025	-1
CACNA1D	DB00381	-1
CACNA1C	DB00381	-1
HTR6	DB00543	-1
SLC6A4	DB00543	-1
SLC6A2	DB00543	-1
DRD4	DB00543	-1
TAAR1	DB00182	1
PDE3A	DB00261	-1
CYP19A1	DB01217	-1
OPRM1	DB00913	1
GGCX	DB01125	-1
CHRM3	DB00517	-1
CHRM1	DB00517	-1
HRH1	DB08799	-1
DRD5	DB00714	1
ADRA2C	DB00714	-1
ADRA2B	DB00714	-1
HTR2C	DB00714	-1
ADRA2A	DB00714	1
HTR2A	DB00714	-1
HTR2B	DB00714	-1
DRD3	DB00714	1
DRD2	DB00714	1
DRD4	DB00714	1
TRPA1	DB00714	1
ADRA2B	DB00964	1
ADRA2C	DB00964	1
ADRA2A	DB00964	1
TACR1	DB00673	-1
ADRB1	DB01102	1
HTR2A	DB01238	-1
HTR1A	DB01238	1
DRD2	DB01238	1
TXNRD1	DB01169	-1
KCNH1	DB00637	-1
HRH1	DB00637	-1
ADRB1	DB00335	-1
SLC6A2	DB00289	-1
HMGCR	DB01076	-1
CHRM3	DB00572	-1
CHRM2	DB00572	-1
CHRM1	DB00572	-1
HRH1	DB00719	-1
HRH1	DB00972	-1
MLNR	DB00207	1
PTGS1	DB01014	-1
PTGS2	DB01014	-1
ALOX5	DB01014	-1
PPARG	DB01014	1
BCHE	DB01408	-1
NR3C1	DB00394	1
ACE	DB00542	-1
SLC12A3	DB00436	-1
ALOX5	DB04812	-1
CHRM1	DB01231	-1
SCN5A	DB01086	-1
SCN1A	DB01086	-1
SCN2A	DB01086	-1
SCN3A	DB01086	-1
SCN4A	DB01086	-1
SCN7A	DB01086	-1
SCN8A	DB01086	-1
SCN9A	DB01086	-1
SCN10A	DB01086	-1
SCN11A	DB01086	-1
SLC18A2	DB00865	-1
DRD2	DB00767	1
PTGS2	DB00767	-1
SLC12A3	DB00562	-1
SLC6A19	DB00245	-1
CHRM5	DB00245	-1
CHRM4	DB00245	-1
CHRM3	DB00245	-1
CHRM2	DB00245	-1
CHRM1	DB00245	-1
HRH1	DB04890	-1
CACNA1C	DB01244	-1
CACNA1D	DB01244	-1
CACNA1H	DB01244	-1
CACNA1A	DB01244	-1
KCNQ4	DB01244	-1
HRH3	DB06698	-1
NR3C1	DB00443	1
NR3C1	DB00443	1
NR3C1	DB00443	1
NR3C1	DB00443	1
ADRB1	DB00195	-1
HRH2	DB00272	1
CHRM3	DB01019	1
CHRM2	DB01019	1
CHRM4	DB01019	1
CHRM1	DB01019	1
ADRB1	DB01295	-1
RXRA	DB00307	1
RXRB	DB00307	1
RXRG	DB00307	1
PPARG	DB00307	-1
PPARA	DB01393	1
HMGCR	DB01393	-1
AR	DB01128	-1
PTGFR	DB00905	1
CHRM1	DB00810	-1
CHRM2	DB00810	-1
CHRM3	DB00810	-1
CHRM4	DB00810	-1
ADRB1	DB00612	-1
ADRB2	DB00901	1
F2	DB00006	-1
ADRB2	DB08807	-1
ADRB1	DB08807	-1
PSMA1	DB00188	-1
PSMB1	DB00188	-1
PSMB5	DB00188	-1
PSMB2	DB00188	-1
PSMB8	DB00188	-1
EDNRA	DB00559	-1
EDNRB	DB00559	-1
ADRA2C	DB00484	1
ADRA2B	DB00484	1
ADRA2A	DB00484	1
CA2	DB01194	-1
PTGS1	DB00963	-1
PTGS2	DB00963	-1
HTR6	DB01200	1
DRD4	DB01200	-1
DRD5	DB01200	1
DRD1	DB01200	1
DRD3	DB01200	1
DRD2	DB01200	1
HRH1	DB01237	-1
HRH1	DB00835	-1
HRH1	DB00354	-1
NR3C1	DB01222	1
NR3C2	DB01222	1
PGR	DB01222	1
SLC12A1	DB00887	-1
SLC12A2	DB00887	-1
GPR35	DB00887	1
ADRB1	DB01210	-1
ADRB2	DB01210	-1
ADRB3	DB01210	-1
SCN4A	DB00297	-1
KCNA5	DB00297	-1
SCN5A	DB00297	-1
OPRD1	DB00921	-1
OPRK1	DB00921	-1
OPRM1	DB00921	1
SLC6A3	DB01156	-1
SLC6A2	DB01156	-1
HTR1A	DB00490	1
OPRK1	DB00611	1
OPRM1	DB00611	1
DRD2	DB00248	1
DRD3	DB00248	1
HTR2A	DB00248	1
HTR1D	DB00248	1
ADRA2A	DB00248	-1
DRD5	DB00248	1
HTR1A	DB00248	1
ADRA2C	DB00248	-1
DRD4	DB00248	1
ADRA2B	DB00248	-1
DRD1	DB00248	1
ADRA1A	DB00248	-1
HTR1B	DB00248	1
HTR2C	DB00248	1
ADORA3	DB00201	-1
ADORA2B	DB00201	-1
ADORA1	DB00201	-1
ADORA2A	DB00201	-1
VDR	DB00146	1
VDR	DB02300	1
VDR	DB00136	1
TYMS	DB01101	-1
ACE	DB01197	-1
CHRM3	DB00411	1
SCN4A	DB00564	-1
SCN9A	DB00564	-1
SCN5A	DB00564	-1
OXTR	DB01282	1
DDC	DB00190	-1
TPO	DB00389	-1
HRH1	DB00748	-1
PTGFR	DB00429	1
GSR	DB00262	-1
DRD2	DB01038	-1
HTR2A	DB01038	-1
PTGS2	DB00821	-1
ADRB2	DB00521	-1
ADRB1	DB00521	-1
ADRB2	DB01136	-1
ADRB1	DB01136	-1
ADRB3	DB01136	-1
ADRA1D	DB01136	-1
ADRA1A	DB01136	-1
PTGS2	DB00482	-1
HMGCR	DB00439	-1
CCKAR	DB00403	1
HRH1	DB00341	-1
GNRHR	DB00050	-1
CHRM3	DB00185	1
CHRM1	DB00185	1
SCN10A	DB01161	-1
SLC12A3	DB00880	-1
HRH1	DB01114	-1
DRD4	DB00477	-1
DRD3	DB00477	-1
HTR2A	DB00477	-1
DRD2	DB00477	-1
DRD2	DB01239	-1
DRD3	DB01239	-1
SLC12A3	DB00310	-1
KCNN4	DB00356	1
DPEP1	DB01597	-1
ACE	DBSALT001097	-1
PDE3A	DB01166	-1
PDE3B	DB01166	-1
HRH2	DB00501	-1
SLC47A2	DB00501	-1
CASR	DB01012	1
CYSLTR1	DB00587	-1
HTR4	DB00604	1
SLC6A4	DB00215	-1
HRH1	DB00283	-1
CHRM3	DB00771	-1
CHRM1	DB00771	-1
POLA1	DB00631	-1
RRM2	DB00631	-1
RRM1	DB00631	-1
PPARA	DB00636	1
SLC6A4	DB01242	-1
SLC6A2	DB01242	-1
ADRA2C	DB00575	1
ADRA2B	DB00575	1
ADRA2A	DB00575	1
P2RY12	DB00758	-1
NR1I3	DB00257	-1
DRD4	DB00363	-1
ADRA1D	DB00363	-1
HTR1F	DB00363	1
HTR1E	DB00363	1
HTR1D	DB00363	1
HTR1B	DB00363	1
DRD3	DB00363	-1
HTR2A	DB00363	-1
DRD2	DB00363	-1
SLC6A3	DB00907	-1
OPRK1	DB00318	1
OPRD1	DB00318	1
OPRM1	DB00318	1
TUBB	DB01394	-1
AVPR2	DB00872	-1
AVPR1A	DB00872	-1
HRH1	DB01176	-1
HTR2C	DB00924	-1
HTR2A	DB00924	-1
CHRM3	DB00979	-1
SLC10A1	DB00091	-1
SLCO1B3	DB00091	-1
FPR1	DB00091	-1
SLCO1B1	DB00091	-1
SLC12A3	DB00606	-1
CHRM1	DB00942	-1
HRH1	DB00434	-1
AR	DB04839	-1
PGR	DB01406	1
AR	DB01406	1
RYR1	DB01219	-1
RYR3	DB01219	-1
ADRA1D	DB00298	-1
ADRA1A	DB00298	-1
CHRM2	DB00496	-1
CHRM3	DB00496	-1
ABL1	DB01254	-1
SRC	DB01254	-1
FGR	DB01254	-1
FRK	DB01254	-1
EPHA2	DB01254	-1
YES1	DB01254	-1
HCK	DB01254	-1
PDGFRB	DB01254	-1
KIT	DB01254	-1
LYN	DB01254	-1
BLK	DB01254	-1
SRMS	DB01254	-1
FYN	DB01254	-1
LCK	DB01254	-1
TOP2A	DB00694	-1
DNMT1	DB01262	-1
DNMT3A	DB01262	-1
SLC18A2	DB01089	-1
SLC6A2	DB01151	-1
SLC29A4	DB01151	-1
HRH1	DB00967	-1
OXTR	DB00035	1
AVPR2	DB00035	1
PGR	DB00304	1
NR3C1	DB00547	1
NR3C2	DB01134	1
NR3C1	DB01234	1
HRH1	DB00405	-1
ADRA2B	DB00633	1
ADRA2C	DB00633	1
ADRA2A	DB00633	1
SIGMAR1	DB00514	1
GRIN3A	DB00514	-1
GRIN2C	DB00514	-1
OPRM1	DB00647	1
OPRK1	DB01209	-1
OPRM1	DB01209	1
SCN10A	DB00527	-1
SCN5A	DB00527	-1
TRPA1	DB01435	-1
PDK1	DB08809	-1
PDK2	DB08809	-1
PDK3	DB08809	-1
PDK4	DB08809	-1
CA7	DB01144	-1
CA5B	DB01144	-1
CA12	DB01144	-1
CA9	DB01144	-1
CA1	DB01144	-1
CA2	DB01144	-1
CA4	DB01144	-1
PPARG	DB00586	-1
PTGS1	DB00586	-1
PTGS2	DB00586	-1
ASIC3	DB00586	-1
VKORC1	DB00266	-1
CHRM2	DB00804	-1
CHRM1	DB00804	-1
CHRM3	DB00804	-1
ESR1	DB00890	1
SLC6A3	DB00937	-1
SLC6A2	DB00937	-1
ESRRB	DB00255	-1
ESRRG	DB00255	-1
ESR1	DB00255	1
OPRM1	DB01501	1
PTGS1	DB00861	-1
PTGS2	DB00861	-1
ATP1A1	DB01396	-1
HTR1D	DB00320	1
HTR1B	DB00320	1
HTR1F	DB00320	1
HTR7	DB00320	-1
HTR1E	DB00320	1
CACNA1C	DB00343	-1
HTR3A	DB00343	-1
PTGDR	DB00917	1
PTGFR	DB00917	1
PTGDR2	DB00917	1
TBXA2R	DB00917	1
PTGER4	DB00917	1
PTGER1	DB00917	1
PTGER2	DB00917	1
PTGER3	DB00917	1
CATSPER4	DB00917	1
CATSPER3	DB00917	1
CATSPER1	DB00917	1
CATSPER2	DB00917	1
HRH1	DB01075	-1
OPRM1	DB01081	1
HRH1	DB01146	-1
ADRA2C	DB00449	1
ADRA2B	DB00449	1
ADRA2A	DB00449	1
PDE4A	DB00975	-1
SLC28A1	DB00975	-1
PDE8B	DB00975	-1
PDE5A	DB00975	-1
SLC29A1	DB00975	-1
PDE7B	DB00975	-1
PDE2A	DB00975	-1
PDE10A	DB00975	-1
PDE8A	DB00975	-1
SLC29A4	DB00975	-1
SCN5A	DB00280	-1
ACHE	DB13694	-1
ALDH2	DB00822	-1
TRPM8	DB00825	1
TRPA1	DB00825	1
ADRB2	DB00841	1
ADRB1	DB00841	1
EGFR	DB01248	-1
KCNH1	DB00204	-1
KCNH2	DB00204	-1
DRD2	DB01184	-1
ACHE	DB00843	-1
DRD4	DB00988	1
DRD5	DB00988	1
DRD3	DB00988	1
DRD2	DB00988	1
DRD1	DB00988	1
ADRB1	DB00988	1
CA2	DB00869	-1
KCNK3	DB00561	-1
KCNK9	DB00561	-1
ADRA1B	DB00590	-1
ADRA1D	DB00590	-1
ADRA1A	DB00590	-1
HRH1	DB01142	-1
SLC6A2	DB01142	-1
SLC6A4	DB01142	-1
VDR	DB06410	1
MMP8	DB00254	-1
MMP13	DB00254	-1
MMP7	DB00254	-1
HRH1	DB00366	-1
AR	DB00858	1
DRD2	DB00450	-1
HTR2A	DB00450	-1
PGR	DB01395	1
NR3C2	DB01395	-1
SRD5A1	DB01126	-1
SRD5A2	DB01126	-1
SCN10A	DB00645	-1
PGR	DB00378	1
PDE4B	DB00651	-1
PDE3A	DB00651	-1
ACHE	DB01057	-1
ACHE	DB01010	-1
ODC1	DB03856	-1
CACNA1H	DB09235	-1
HTR1F	DB00216	1
HTR1A	DB00216	1
HTR1E	DB00216	1
HTR1B	DB00216	1
HTR1D	DB00216	1
HRH1	DB01084	-1
ACE	DB00584	-1
ACE	DB00584	-1
GLRA1	DB00228	1
COMT	DB00494	-1
ADRB2	DB01364	1
HRH1	DB00751	-1
ADRA1D	DB00668	1
ADRA1B	DB00668	1
ADRA2A	DB00668	1
ADRA2B	DB00668	1
ADRA2C	DB00668	1
ADRB2	DB00668	1
ADRA1A	DB00668	1
NR3C2	DB00700	-1
PTGIR	DB01240	1
PTGER4	DB01240	1
PTGER1	DB01240	1
AGTR1	DB00876	-1
HTR2B	DB00696	1
HTR6	DB00696	1
HTR1E	DB00696	1
HTR2A	DB00696	1
HTR2C	DB00696	1
HTR1F	DB00696	1
ADRA1A	DB00696	1
HTR1D	DB00696	1
EGFR	DB00530	-1
SLCO2B1	DB00530	-1
SLC6A4	DB01175	-1
ADRB1	DB00187	-1
ESR1	DB00783	1
KCNMA1	DB00783	1
GABRA4	DB00402	1
GABRA2	DB00402	1
SLC12A1	DB00903	-1
ESR1	DB00977	1
CHRM1	DB00392	-1
CACNA1G	DB00593	-1
CA5A	DB00311	-1
CA2	DB00311	-1
CA14	DB00311	-1
CA7	DB00311	-1
CA12	DB00311	-1
CA9	DB00311	-1
CA4	DB00311	-1
CA1	DB00311	-1
CA5B	DB00311	-1
CA3	DB00311	-1
CA13	DB00311	-1
CA6	DB00311	-1
AR	DB01493	1
PTGS2	DB00749	-1
PGR	DB00294	1
TOP2A	DB00773	-1
PTGS2	DB01628	-1
RXRG	DB00926	1
RARA	DB00926	1
FKBP1A	DB01590	-1
MTOR	DB01590	-1
CYP19A1	DB00990	-1
NPC1L1	DB00973	-1
HRH2	DB00927	-1
XDH	DB04854	-1
GRIN2B	DB00949	-1
GRIN2A	DB00949	-1
CACNA1D	DB01023	-1
CACNA1C	DB01023	-1
CFTR	DB01023	1
PPARA	DB01039	1
DRD4	DB00800	1
DRD1	DB00800	1
PTGS1	DB00573	-1
PTGS2	DB00573	-1
SLC5A8	DB00573	-1
ADRB2	DB01288	1
OPRM1	DB00813	1
HRH1	DB00950	-1
SRD5A2	DB01216	-1
SRD5A1	DB01216	-1
KCNA7	DB01195	-1
KCNA5	DB01195	-1
SCN5A	DB01195	-1
TYMS	DB00322	-1
POLA1	DB01073	-1
RRM2	DB01073	-1
RRM1	DB01073	-1
TAS2R14	DB02266	1
PTGS1	DB02266	-1
PTGS2	DB02266	-1
KCNT2	DB02266	1
GABRA4	DB01205	-1
NR3C1	DB00663	1
NR3C1	DB00180	1
NR3C1	DB00591	1
NR3C1	DB00324	1
HTR2B	DB00472	-1
SLC6A4	DB00472	-1
SLC29A4	DB00472	-1
AR	DB01185	1
DRD3	DB00875	-1
DRD2	DB00875	-1
DRD1	DB00875	-1
DRD5	DB00875	-1
DRD2	DB00623	-1
AR	DB00499	-1
PGR	DB00588	1
NR3C1	DB00588	1
NR3C2	DB00588	1
HMGCR	DB01095	-1
SLC6A4	DB00176	-1
ADRB2	DB00983	1
ACE	DB00492	-1
ESR2	DB00947	-1
ESR1	DB00947	-1
SLC12A1	DB00695	-1
SLC12A2	DB00695	-1
ACHE	DB00674	-1
EGFR	DB00317	-1
RRM2	DB00441	-1
RRM1	DB00441	-1
PPARA	DB01241	1
CYP2C9	DB01016	-1
CFTR	DB01016	-1
HTR3A	DB00889	-1
HTR1D	DB00502	-1
KCNH1	DB00502	-1
DRD3	DB00502	-1
HTR2A	DB00502	-1
DRD2	DB00502	-1
DRD4	DB00502	-1
RYR2	DB01275	-1
SLC12A3	DB00999	-1
OPRK1	DB00956	1
OPRM1	DB00956	1
NR3C1	DB00769	1
NR3C1	DB00741	1
NR3C2	DB00741	1
OPRM1	DB00327	1
TLR7	DB01611	-1
TLR9	DB01611	-1
RRM2	DB01005	-1
RRM1	DB01005	-1
HRH1	DB00557	-1
CHRM3	DB00424	-1
CHRM2	DB00424	-1
CHRM1	DB00424	-1
ASIC1	DB01050	-1
PTGS1	DB01050	-1
PTGS2	DB01050	-1
SLC5A8	DB01050	-1
TOP2A	DB01177	-1
PTGIR	DB01088	1
PTGDR	DB01088	1
PTGER4	DB01088	1
PTGFR	DB01088	1
PTGER2	DB01088	1
TBXA2R	DB01088	1
INSR	DB00619	1
ABL1	DB00619	-1
PDGFRB	DB00619	-1
KIT	DB00619	-1
ACE	DB11783	-1
KCNH1	DB00458	-1
SLC6A2	DB00458	-1
SLC6A4	DB00458	-1
TLR7	DB00724	1
SLC12A3	DB00808	-1
PPARG	DB00328	1
PTGS1	DB00328	-1
PTGS2	DB00328	-1
SLC10A1	DB01029	-1
AGTR1	DB01029	-1
TOP1	DB00762	-1
ADRB3	DB01064	1
ADRB2	DB01064	1
ADRB1	DB01064	1
RARB	DB00982	-1
KCNA10	DB01026	-1
CYP17A1	DB01026	-1
CYP11B1	DB01026	-1
CYP11B2	DB01026	-1
PTGS1	DB01009	-1
PTGS2	DB01009	-1
PTGS1	DB00465	-1
PTGS2	DB00465	-1
HRH1	DB00920	-1
ADRB1	DB00598	-1
ADRB2	DB00598	-1
ADRA1D	DB00598	-1
SCN9A	DB00555	-1
SCN8A	DB00555	-1
SCN3A	DB00555	-1
SCN1A	DB00555	-1
SCN10A	DB00555	-1
SCN5A	DB00555	-1
SCN4A	DB00555	-1
SCN2A	DB00555	-1
EGFR	DB01259	-1
INSR	DB01259	1
ERBB2	DB01259	-1
PTGFR	DB00654	1
DHODH	DB01097	-1
CYP19A1	DB01006	-1
GNRHR	DB00007	1
DRD2	DB01235	1
DRD1	DB01235	1
OPRM1	DB01227	1
PGR	DB00367	1
SCN2A	DB00281	-1
SCN5A	DB00281	-1
SCN10A	DB00281	-1
SCN4A	DB00281	-1
SCN9A	DB00281	-1
SCN3A	DB00281	-1
THRA	DB00279	1
THRB	DB00279	1
ACE	DB00722	-1
HTR2C	DB00589	1
HTR2B	DB00589	-1
HTR1B	DB00589	1
ADRA1A	DB00589	-1
DRD4	DB00589	1
DRD5	DB00589	1
HTR1D	DB00589	1
ADRA2A	DB04948	1
OPRM1	DB00836	1
AGTR1	DB00678	-1
NR3C1	DB00873	1
HMGCR	DB00227	-1
NR1I2	DB00227	1
HTR2C	DB00408	-1
HRH1	DB00408	-1
DRD2	DB00408	-1
DRD4	DB00408	-1
HTR2A	DB00408	-1
DRD3	DB00408	-1
KCNT1	DB00408	1
PTGS2	DB01283	-1
CCR5	DB04835	-1
ALOX5	DB00939	-1
PTGS1	DB00939	-1
PTGS2	DB00939	-1
PGR	DB00603	1
PTGS1	DB00784	-1
PTGS2	DB00784	-1
PGR	DB00351	1
HTR2B	DB01065	-1
MTNR1B	DB01065	1
MTNR1A	DB01065	1
PTGS2	DB00814	-1
GRIN3A	DB01043	-1
GRIN1	DB01043	-1
OPRM1	DB00454	1
SCN9A	DB00961	-1
SCN8A	DB00961	-1
SCN4A	DB00961	-1
SCN3A	DB00961	-1
SCN2A	DB00961	-1
SCN1A	DB00961	-1
SCN5A	DB00961	-1
PPAT	DB01033	-1
ALOX5	DB00244	-1
PTGS2	DB00244	-1
PTGS1	DB00244	-1
PPARG	DB00244	1
HTR2A	DB00933	-1
DRD2	DB00933	-1
HTR1A	DB00933	-1
DRD1	DB00933	-1
ESR1	DB01357	1
ADRB2	DB00816	1
ADRA1A	DB00610	1
CHRM3	DB06709	1
OPRM1	DB00333	1
TAAR1	DB01577	1
SLC6A3	DB01577	-1
SLC6A4	DB01577	-1
SLC6A2	DB01577	-1
HRH1	DB00902	-1
TPO	DB00763	-1
CA1	DB00423	-1
DHFR	DB00563	-1
GLRA1	DB01028	1
ADRA2A	DB00968	1
OPRD1	DB00704	-1
OPRK1	DB00704	-1
OPRM1	DB00704	-1
SLC6A3	DB00422	-1
SLC6A2	DB00422	-1
NR3C1	DB00959	1
HTR1D	DB00247	-1
HTR7	DB00247	-1
HTR1B	DB00247	-1
HTR6	DB00247	-1
HTR1E	DB00247	-1
HTR5A	DB00247	-1
HTR1F	DB00247	-1
HTR1A	DB00247	1
HTR2A	DB00247	1
HTR2B	DB00247	1
HTR2C	DB00247	1
ADRB1	DB01214	-1
ADRB2	DB01214	-1
CHRM1	DB00340	-1
HTR2C	DB00340	-1
HTR4	DB01233	1
HTR3A	DB01233	-1
DRD2	DB01233	-1
SLC12A3	DB00524	-1
ADRB1	DB00264	-1
CYP11B1	DB01011	-1
TH	DB00765	-1
SCN4A	DB00379	-1
SCN10A	DB00379	-1
SCN9A	DB00379	-1
SCN2A	DB00379	-1
SCN5A	DB00379	-1
ADRA1D	DB06148	-1
ADRA1B	DB06148	-1
HTR2C	DB06148	-1
HTR2B	DB06148	-1
HTR2A	DB06148	-1
ADRA1A	DB00211	1
PGR	DB00834	-1
NR3C1	DB00834	-1
NR1I2	DB00834	1
UGCG	DB00419	-1
PDE3A	DB00235	-1
ADRA2B	DB00370	-1
ADRA2C	DB00370	-1
HTR2C	DB00370	-1
HTR2A	DB00370	-1
ADRA2A	DB00370	-1
PTGER3	DB00929	1
PTGER4	DB00929	1
PTGER2	DB00929	1
TOP2A	DB01204	-1
MAOA	DB01171	-1
SLC6A3	DB00745	-1
NR3C1	DB00764	1
TYR	DB00600	-1
CYSLTR1	DB00471	-1
SCN5A	DB00680	-1
OPRM1	DB00295	1
IMPDH2	DB00688	-1
IMPDH1	DB00688	-1
PTGS2	DB00461	-1
ADRB2	DB01203	-1
ADRB1	DB01203	-1
ADRB3	DB01203	-1
OPRD1	DB00844	1
OPRK1	DB00844	1
OPRM1	DB00844	1
OPRD1	DB01183	-1
OPRK1	DB01183	-1
OPRM1	DB01183	-1
AR	DB00984	1
AR	DB00984	1
PTGS2	DB00788	-1
PTGS1	DB00788	-1
HTR1D	DB00952	1
HTR1F	DB00952	1
HTR1E	DB00952	1
HTR1B	DB00952	1
ADRB2	DB04861	-1
ADRB1	DB04861	-1
GPR35	DB00716	1
HTR2A	DB01149	-1
SLC6A2	DB01149	-1
SLC6A4	DB01149	-1
CYP3A4	DB01149	-1
ACHE	DB01400	-1
PTGS1	DB06802	-1
PTGS2	DB06802	-1
TRPA1	DB00184	1
CACNA1D	DB01115	-1
CACNA1F	DB01115	-1
CACNA1C	DB01115	-1
GLRA3	DB01115	-1
GLRB	DB01115	-1
CACNA1S	DB01115	-1
ABL1	DB04868	-1
AR	DB00665	-1
CACNA1D	DB00393	-1
CACNA1C	DB00393	-1
NR3C2	DB00393	-1
CACNA1F	DB00393	-1
CACNA1S	DB00393	-1
CACNA1C	DB00401	-1
CACNA1D	DB00401	-1
HPD	DB00348	-1
CACNA1C	DB01054	-1
KCNN4	DB01054	-1
CACNA1D	DB01054	-1
CACNA1F	DB01054	-1
HRH2	DB00585	-1
SLC6A3	DB04821	-1
SLC6A2	DB04821	-1
ADRA1B	DB00368	1
ADRA2C	DB00368	1
ADRB2	DB00368	1
ADRA1D	DB00368	1
ADRA2A	DB00368	1
ADRA1A	DB00368	1
ADRB1	DB00368	1
PGR	DB00717	1
PGR	DB00957	1
SLC6A2	DB00540	-1
SLC6A4	DB00540	-1
KCNJ10	DB00540	-1
SSTR5	DB00104	1
SSTR3	DB00104	1
SSTR2	DB00104	1
SSTR1	DB00104	1
SSTR4	DB00104	1
DRD4	DB00334	-1
HTR1E	DB00334	1
DRD3	DB00334	-1
HTR2C	DB00334	-1
HTR2A	DB00334	-1
DRD2	DB00334	-1
ALOX5	DB01250	-1
PPARG	DB01250	1
SCN10A	DB01173	-1
SCN9A	DB01173	-1
SCN4A	DB01173	-1
SCN1A	DB01173	-1
HRH1	DB01173	-1
SLC6A2	DB01173	-1
SCN5A	DB01173	-1
AR	DB00621	1
PTGS1	DB00991	-1
PTGS2	DB00991	-1
CHRM2	DB01062	-1
CHRM1	DB01062	-1
CHRM3	DB01062	-1
OPRM1	DB00497	1
ADRA1A	DB00935	1
HTR2C	DB00935	1
ADRA2B	DB00935	1
ADRA1B	DB00935	1
ADRA1D	DB00935	1
ADRA2C	DB00935	1
ADRA2A	DB00935	1
OXTR	DB00107	1
NR1I2	DB01229	1
TUBB	DB01229	-1
HTR3A	DB00377	-1
VDR	DB00910	1
SLC6A4	DB00715	-1
DHFR	DB00642	-1
TYMS	DB00642	-1
GART	DB00642	-1
GABRB3	DB00312	1
DRD1	DB01186	1
DRD4	DB01186	1
DRD5	DB01186	1
DRD3	DB01186	1
DRD2	DB01186	1
ACE	DB00790	-1
DRD2	DB00850	-1
VKORC1	DB00498	-1
SLC6A3	DB00830	-1
SLC6A2	DB00830	-1
VKORC1	DB00946	-1
SLC6A2	DB00191	-1
ADRA1B	DB00692	-1
ADRA2B	DB00692	-1
ADRA2C	DB00692	-1
ADRA1D	DB00692	-1
ADRA2A	DB00692	-1
ADRA1A	DB00692	-1
PTGS1	DB00812	-1
ADRA1B	DB00388	1
ADRA1D	DB00388	1
ADRA1A	DB00388	1
SCN1A	DB00252	-1
SCN3A	DB00252	-1
SCN8A	DB00252	-1
SCN9A	DB00252	-1
SCN2A	DB00252	-1
SCN4A	DB00252	-1
SCN5A	DB00252	-1
ACHE	DB00981	-1
CHRM1	DB01085	1
CHRM2	DB01085	1
CHRM3	DB01085	1
CHRM4	DB01085	1
CHRM5	DB01085	1
SCN4A	DB12712	-1
DRD4	DB01100	-1
CACNA1I	DB01100	-1
KCNA10	DB01100	-1
DRD3	DB01100	-1
HTR2A	DB01100	-1
DRD2	DB01100	-1
HTR2B	DB00960	1
HTR2A	DB00960	1
ADRB2	DB00960	1
ADRB1	DB00960	1
PPARG	DB01132	1
CHRM1	DB00670	-1
PTGS1	DB00554	-1
PTGS2	DB00554	-1
ACHE	DB00733	1
DRD4	DB00413	1
DRD3	DB00413	1
DRD2	DB00413	1
HMGCR	DB00175	-1
NR3C1	DB00860	1
NR3C1	DB00635	1
SLC22A8	DB01032	-1
SLC22A11	DB01032	-1
SLC22A6	DB01032	-1
ABCA1	DB01599	-1
SCN10A	DB00721	-1
DRD2	DB00433	-1
DRD3	DB00433	-1
CHRM1	DB00387	-1
PGR	DB00396	1
TRPC5	DB00396	-1
CATSPER1	DB00396	1
CATSPER4	DB00396	1
CATSPER2	DB00396	1
CATSPER3	DB00396	1
DRD3	DB00420	-1
HTR2A	DB00420	-1
DRD2	DB00420	-1
HRH1	DB01069	-1
KCNA5	DB01182	-1
ADRB1	DB01182	-1
ADRB2	DB01182	-1
SCN5A	DB01182	-1
HRH1	DB00777	-1
ADRB2	DB00571	-1
ADRB1	DB00571	-1
ADRB3	DB00571	-1
TPO	DB00550	-1
DIO1	DB00550	-1
SLC6A2	DB00344	-1
SLC6A4	DB00344	-1
HRH1	DB06691	-1
SLC47A1	DB00205	-1
HTR1E	DB01224	1
HTR1D	DB01224	1
HTR1F	DB01224	1
HTR2C	DB01224	-1
HTR2A	DB01224	-1
DRD2	DB01224	-1
DRD4	DB01224	-1
DRD3	DB01224	-1
SLC6A2	DB01224	-1
ACE	DB00881	-1
ESR1	DB04575	1
KCNH1	DB00908	-1
KCNA7	DB00908	-1
SCN5A	DB00908	-1
CYP2D6	DB00908	-1
SLC29A4	DB00908	-1
KCNA5	DB00908	-1
ESR1	DB00481	-1
ACE	DB00178	-1
HRH2	DB00863	-1
SCN5A	DB00243	-1
OPRM1	DB00899	1
SLC18A2	DB01180	-1
SLC18A2	DB00206	-1
SLC18A1	DB00206	-1
IMPDH1	DB00811	-1
IMPDH2	DB00811	-1
SLCO1B3	DB01045	-1
SLCO1A2	DB01045	-1
SLCO1B1	DB01045	-1
DRD4	DB00734	-1
DRD3	DB00734	-1
ADRA1D	DB00734	-1
HTR1F	DB00734	-1
HTR1E	DB00734	-1
HTR2C	DB00734	-1
HTR2A	DB00734	-1
DRD2	DB00734	-1
HTR1D	DB00734	-1
HTR1B	DB00734	-1
ACHE	DB00989	-1
BCHE	DB00989	-1
HTR1D	DB00953	1
HTR1B	DB00953	1
HTR1F	DB00953	1
HTR1E	DB00953	1
PTGS2	DB00533	-1
DRD4	DB00268	1
DRD3	DB00268	1
DRD2	DB00268	1
PPARG	DB00412	1
FFAR1	DB00412	1
TRPC5	DB00412	1
HMGCR	DB01098	-1
MLNR	DB00778	1
ADRB2	DB00938	1
CHRM1	DB00747	-1
MAOB	DB01037	-1
HTR1D	DB06144	-1
HTR1F	DB06144	-1
HTR1E	DB06144	-1
DRD2	DB06144	-1
HTR2C	DB06144	-1
HTR2A	DB06144	-1
SLC6A4	DB01104	-1
GLRA1	DB01236	1
SLC6A3	DB01105	-1
SLC6A2	DB01105	-1
SLC6A4	DB01105	-1
PDE5A	DB00203	-1
SLCO1B3	DB00203	-1
HMGCR	DB00641	-1
FKBP1A	DB00877	-1
DPP4	DB01261	-1
FLT3	DB00398	-1
FLT1	DB00398	-1
KDR	DB00398	-1
INSR	DB00398	1
RAF1	DB00398	-1
BRAF	DB00398	-1
PDGFRB	DB00398	-1
KIT	DB00398	-1
FLT4	DB00398	-1
RET	DB00398	-1
KCNH2	DB00489	-1
ADRB2	DB00489	-1
ADRB1	DB00489	-1
ACE	DB01348	-1
NR3C2	DB00421	-1
AR	DB06718	1
SUCNR1	DB00139	1
OPRM1	DB00708	1
ALOX5	DB00795	-1
SLC46A1	DB00795	-1
SLC22A12	DB01138	-1
PTGS2	DB00605	-1
DRD2	DB00391	-1
HTR7	DB00669	-1
HTR6	DB00669	-1
HTR1B	DB00669	1
HTR1D	DB00669	1
RET	DB01268	-1
FLT3	DB01268	-1
KDR	DB01268	-1
INSR	DB01268	1
PDGFRB	DB01268	-1
KIT	DB01268	-1
CSF1R	DB01268	-1
FLT4	DB01268	-1
FLT1	DB01268	-1
PDGFRA	DB01268	-1
PTGS1	DB00870	-1
PTGS2	DB00870	-1
ACHE	DB00382	-1
BCHE	DB00382	-1
FKBP1A	DB00864	-1
PDE5A	DB00820	-1
RARB	DB00799	1
RARA	DB00799	1
RARG	DB00799	1
HTR2B	DB01079	-1
HTR4	DB01079	1
AGTR1	DB00966	-1
TOP2A	DB00444	-1
ADRB2	DB00871	1
CYP19A1	DB00894	-1
AR	DB00624	1
SLC18A2	DB04844	-1
SLC18A1	DB04844	-1
PAH	DB00360	1
PDE4A	DB00277	-1
PDE3A	DB00277	-1
ADORA2B	DB00277	-1
ADORA3	DB00277	-1
ADORA2A	DB00277	-1
ADORA1	DB00277	-1
DRD2	DB00372	-1
IMPDH2	DB00352	-1
IMPDH1	DB00352	-1
DRD3	DB00679	-1
DRD4	DB00679	-1
HTR2C	DB00679	-1
HTR6	DB00679	-1
HRH1	DB00679	-1
HTR1A	DB00679	-1
DRD5	DB00679	-1
HTR2A	DB00679	-1
DRD2	DB00679	-1
THRB	DB00451	1
THRA	DB00451	1
SLC6A1	DB00906	-1
PTGS1	DB01600	-1
PTGS2	DB01600	-1
P2RY12	DB00208	-1
CYP2B6	DB00208	-1
ADRA2C	DB00697	1
ADRA2B	DB00697	1
ADRA2A	DB00697	1
ADRA2C	DB00797	-1
ADRA2B	DB00797	-1
ADRA1A	DB00797	-1
ADRA2A	DB00797	-1
COMT	DB00323	-1
PTGS1	DB00500	-1
PTGS2	DB00500	-1
AKR1B1	DB02383	-1
CHRM2	DB01036	-1
CHRM3	DB01036	-1
SCN1A	DB00273	-1
SCN5A	DB00273	-1
CA2	DB00273	-1
CA4	DB00273	-1
TOP1MT	DB01030	-1
SLC12A1	DB00214	-1
OPRM1	DB00193	1
ACE	DB00519	-1
PLG	DB00302	-1
MAOB	DB00752	-1
PTGFR	DB00287	1
HTR2C	DB00656	-1
HTR2A	DB00656	-1
SLC6A4	DB00656	-1
PTGIR	DB00374	1
PTGER3	DB00374	1
PTGER4	DB00374	1
PTGER1	DB00374	1
PTGER2	DB00374	1
PTGDR	DB00374	1
RARG	DB00755	1
RARB	DB00755	1
RARA	DB00755	1
RORB	DB00755	-1
PPARD	DB00755	1
NR2C2	DB00755	1
NR3C1	DB00620	1
NR3C1	DB00620	1
SLC12A3	DB01021	-1
CHRM3	DB00505	-1
CHRM1	DB00505	-1
DRD3	DB00831	-1
DRD4	DB00831	-1
DRD2	DB00831	-1
HTR2A	DB00831	-1
HRH1	DB00831	-1
HTR2C	DB00831	-1
DRD2	DB00508	-1
HSD3B2	DB01108	-1
SLC6A3	DB00726	-1
HRH1	DB00726	-1
SLC6A4	DB00726	-1
SLC6A2	DB00726	-1
HRH1	DB00427	-1
PPARG	DB00197	1
CHRM3	DB00209	-1
CHRM2	DB00209	-1
GPR139	DB00150	1
KCNN3	DB01199	-1
KCNN1	DB01199	-1
KCNN2	DB01199	-1
NR1H4	DB01586	1
PTGS2	DB00580	-1
ALDH5A1	DB00313	-1
HDAC1	DB00313	-1
AGTR1	DB00177	-1
PDE5A	DB00862	-1
SLC6A2	DB00285	-1
SLC6A4	DB00285	-1
CACNA1S	DB00661	-1
CACNA1C	DB00661	-1
KCNA10	DB00661	-1
CACNA1H	DB00661	-1
SLC29A4	DB00661	-1
CYP3A4	DB00661	-1
TPCN2	DB00661	-1
TPCN1	DB00661	-1
ABAT	DB01080	-1
HCAR2	DB00627	1
HCAR3	DB00627	1
VDR	DB00153	1
VDR	DB00169	1
VKORC1	DB00682	-1
F2	DB04898	-1
CYSLTR2	DB00549	-1
CYSLTR1	DB00549	-1
ALOX5	DB00744	-1
DRD4	DB00246	-1
DRD3	DB00246	-1
HTR1B	DB00246	1
HTR2C	DB00246	-1
HTR2A	DB00246	-1
DRD2	DB00246	-1
FDPS	DB00399	-1
HTR1D	DB00315	1
HTR1B	DB00315	1
SCN1A	DB00909	-1
CA12	DB00909	-1
DRD2	DB01624	-1
DRD1	DB01624	-1
GNRHR	DB00644	1
P2RY11	DB04786	-1
P2RY13	DB04786	-1
P2RY1	DB04786	-1
P2RY2	DB04786	-1
P2RY6	DB04786	-1
GLP1R	DB00040	1
GCGR	DB00040	1
SCN10A	DB00892	-1
CPS1	DB06775	1
GPBAR1	DB02659	1
NR3C1	DB01260	1
ESR1	DB04573	1
ESR2	DB04573	1
ESR1	DB00655	1
AR	DB06710	1
FFAR1	DB04224	1
FFAR4	DB04224	1
ADRB1	DB01297	-1
MAOB	DB01367	-1
RARB	DB04942	1
RARG	DB04942	1
ADRA1B	DB01162	-1
ADRA1D	DB01162	-1
ADRA1A	DB01162	-1
P2RY2	DB04005	1
P2RY4	DB04005	1
P2RY6	DB04005	1
P2RY11	DB04005	1
HTR2B	DB01392	-1
HTR1D	DB01392	-1
HTR1B	DB01392	-1
HTR5A	DB01392	-1
HTR1F	DB01392	-1
HTR1E	DB01392	-1
HTR7	DB01392	-1
ADRA2A	DB01392	-1
ADRA2B	DB01392	-1
ADRA2C	DB01392	-1
HTR1A	DB01392	-1
RARG	DB00523	1
RARB	DB00523	1
RXRG	DB00523	1
RXRB	DB00523	1
RXRA	DB00523	1
RARA	DB00523	1
NR3C1	DB00741	1
TRPA1	DB00470	1
CNR1	DB00470	1
P2RY12	DB06209	-1
DPP4	DB06335	-1
HDAC6	DB02546	-1
HDAC1	DB02546	-1
HDAC3	DB02546	-1
HDAC2	DB02546	-1
HTR2A	DB01267	-1
DRD2	DB01267	-1
GLP1R	DB06655	1
HRH1	DB06766	-1
S1PR3	DB08868	1
S1PR5	DB08868	1
S1PR4	DB08868	1
S1PR1	DB08868	1
EGFR	DB08764	-1
FLT1	DB08764	-1
SRC	DB08764	-1
KDR	DB08764	-1
EPHB4	DB08764	-1
EPHA1	DB08764	-1
EPHA8	DB08764	-1
EPHA2	DB08764	-1
EPHA3	DB08764	-1
ERBB2	DB08764	-1
ERBB4	DB08764	-1
EPHA6	DB08764	-1
EPHA7	DB08764	-1
PTK6	DB08764	-1
EPHA5	DB08764	-1
EPHA4	DB08764	-1
EPHB1	DB08764	-1
TEK	DB08764	-1
ERBB3	DB08764	-1
EPHB6	DB08764	-1
FLT4	DB08764	-1
RET	DB08764	-1
EPHB2	DB08764	-1
F10	DB06228	-1
ADRB2	DB05039	1
BDKRB1	DB06196	-1
BDKRB2	DB06196	-1
ADRA1D	DB00457	-1
ADRA1A	DB00457	-1
ADRA1B	DB00457	-1
NR3C1	DB00741	1
SLC6A4	DB06684	-1
HTR1A	DB06684	1
DRD2	DB06684	1
HRH1	DB06684	1
HTR4	DB06684	1
DRD3	DB06684	1
FFAR1	DB03756	1
F10	DB06605	-1
SLC5A2	DB06292	-1
EGFR	DB08916	-1
ERBB2	DB08916	-1
ERBB4	DB08916	-1
FPR1	DB06777	-1
GPBAR1	DB06777	1
NR1H4	DB06777	1
SLC6A2	DB06700	-1
SLC6A4	DB06700	-1
CCR4	DB06809	-1
ACKR3	DB06809	1
CXCR4	DB06809	1
NR3C1	DBSALT000785	1
NR3C1	DB01013	1
AR	DB00624	1
TACR1	DB06717	-1
NR3C1	DB00223	1
NR3C1	DB00240	1
NR3C1	DB00741	1
MC2R	DB01284	1
NR3C1	DB00838	1
NR3C1	DB00324	1
MTTP	DB08827	-1
ADRB1	DB00195	-1
ADRB2	DB00195	-1
KEAP1	DB08908	-1
MAP2K2	DB08911	-1
MAP2K1	DB08911	-1
AVPR1A	DB00093	1
MC1R	DB01285	1
MC3R	DB01285	1
MC4R	DB01285	1
MC2R	DB01285	1
ADRB1	DB01274	1
ADRB2	DB01274	1
FPR1	DB03619	-1
GPBAR1	DB03619	1
DRD3	DB06016	1
DRD2	DB06016	1
HTR1A	DB06016	1
HTR2A	DB06016	-1
HTR2B	DB06016	-1
HTR2C	DB06016	-1
HRH1	DB06016	-1
MAP2K1	DB05239	-1
EGFR	DB09330	-1
IDH2	DB13874	-1
GPR55	DB09061	-1
TRPV1	DB09061	-1
MAP2K1	DB11967	-1
MAP2K2	DB11967	-1
IDH1	DB14568	-1
ALK	DB12130	-1
ROS1	DB12130	-1
LTK	DB12130	-1
FER	DB12130	-1
FES	DB12130	-1
NTRK1	DB12130	-1
NTRK2	DB12130	-1
NTRK3	DB12130	-1
PTK2	DB12130	-1
PTK2B	DB12130	-1
TNK2	DB12130	-1
SMO	DB11978	-1
FLT3	DB12141	-1
CSF1R	DB12978	-1
KIT	DB12978	-1
FLT3	DB12978	-1
ACLY	DB11936	-1
